{"theta0": 8499.342807397416, "theta1": -0.0214464222632586}